Address,Address Tag,Type,Token Balance,Percentage
0xcbcdf9626bc03e24f779434178a73a0b4bad62ed,Uniswap V3: WBTC,Dex,"79,179.75",2.87%
0xba12222222228d8ba445958a75a0704d566bf2c8,Balancer V2,Dex,"40,134.41",1.45%
0x21b8065d10f73ee2e260e5b47d3344d3ced7596e,Uniswap V2 (UNI-V2),Dex,"30,880.95",1.12%
0x4585fe77225b41b697c938b018e2ac67ac5a20c0,Uniswap V3,Dex,"24,642.43",0.89%
0x88e6a0c2ddd26feeb64f039a2c41296fcb3f5640,Uniswap V3,Dex,"22,499.75",0.81%
0x0d4a11d5eeaac28ec3f61d100daf4d40471f1852,Uniswap V2 (UNI-V2),Dex,"20,225.86",0.73%
0x202a6012894ae5c288ea824cbc8a9bfb26a49b93,Uniswap V3(WETH-weETH),Dex,"18,561.13",0.67%
0xb4e16d0168e52d35cacd2c6185b44281ec28c9dc,Uniswap V2 (UNI-V2),Dex,"15,197.18",0.55%
0x7a415b19932c0105c82fdb6b720bb01b0cc2cae3,Uniswap V3(WETH-weETH),Dex,"13,719.13",0.49%
0x4e68ccd3e89f51c3074ca5072bbac773960dfa36,Uniswap V3: USDT,Dex,"13,669.22",0.49%
0x8ad599c3a0ff1de082011efddc58f1908eb6e6d8,Uniswap V3(USDC-WETH),Dex,"12,622.68",0.45%
0xc5c134a1f112efa96003f8559dba6fac0ba77692,Uniswap V3(WHITE-WETH),Dex,"8,784.06",0.31%
0xa43fe16908251ee70ef74718545e4fe6c5ccec9f,Uniswap V2 (UNI-V2),Dex,"7,522.34",0.27%
0xceff51756c56ceffca006cd410b03ffc46dd3a58,SushiSwap LP Token (SLP),Dex,"5,758.82",0.20%
0x11b815efb8f581194ae79006d24e0d814b7697f6,Uniswap V3: USDT 3,Dex,"5,483.77",0.19%
0x6a091a3406e0073c3cd6340122143009adac0eda,SushiSwap LP Token (SLP),Dex,"5,117.35",0.18%
0x40e629a26d96baa6d81fae5f97205c2ab2c1ff29,Uniswap V3,Dex,"5,001.07",0.18%
0x04708077eca6bb527a5bbbd6358ffb043a9c1c14,Uniswap V3(WETH-mETH),Dex,"4,528.08",0.16%
0xf4c5e0f4590b6679b3030d29a84857f226087fef,Uniswap V3(MNT-WETH),Dex,"4,100.61",0.14%
0xe8c6c9227491c0a8156a0106a0204d881bb7e531,Uniswap V3(MKR-WETH),Dex,"3,876.30",0.14%
0xc2e9f25be6257c210d7adf0d4cd6e3e881ba25f8,Uniswap V3(DAI-WETH),Dex,"3,746.23",0.13%
0x0af81cd5d9c124b4859d65697a4cd10ee223746a,Uniswap V2 (UNI-V2),Dex,"3,734.99",0.13%
0x109830a1aaad605bbf02a9dfa7b0b92ec2fb7daa,Uniswap V3,Dex,"3,730.45",0.13%
0xca7c2771d248dcbe09eabe0ce57a62e18da178c0,Uniswap V2 (UNI-V2),Dex,"3,195.67",0.11%
0x9c4fe5ffd9a9fc5678cfbd93aa2d4fd684b67c4c,Uniswap V2 (UNI-V2),Dex,"3,017.26",0.10%
0x059615ebf32c946aaab3d44491f78e4f8e97e1d3,Uniswap V3(rsETH-WETH),Dex,"2,829.21",0.10%
0xc2eab7d33d3cb97692ecb231a5d0e4a649cb539d,Uniswap V2 (UNI-V2),Dex,"2,550.88",0.09%
0xd51a44d3fae010294c616388b506acda1bfaae46,USDT-WBTC-WETH (tricrypto2),Dex,"2,473.14",0.08%
0x3afdc5e6dfc0b0a507a8e023c9dce2cafc310316,Uniswap V3,Dex,"2,414.39",0.08%
0xc39e83fe4e412a885c0577c08eb53bdb6548004a,Uniswap V3(RCH-WETH),Dex,"2,241.68",0.08%
0xa6cc3c2531fdaa6ae1a3ca84c2855806728693e8,Uniswap V3,Dex,"2,235.80",0.08%
0xa478c2975ab1ea89e8196811f51a7b7ade33eb11,Uniswap V2 (UNI-V2),Dex,"2,203.36",0.08%
0x7b73644935b8e68019ac6356c40661e1bc315860,Uniswap V2 (UNI-V2),Dex,"2,144.25",0.07%
0xbb2b8038a1640196fbe3e38816f3e67cba72d940,Uniswap V2 (UNI-V2),Dex,"2,001.18",0.07%
0x6ca298d2983ab03aa1da7679389d955a4efee15c,PancakeSwap V3,Dex,"1,944.38",0.07%
0x582e3da39948c6339433008703211ad2c13eb2ac,Uniswap V2 (UNI-V2),Dex,"1,938.71",0.07%
0x180efc1349a69390ade25667487a826164c9c6e4,Uniswap V2 (UNI-V2),Dex,"1,928.81",0.07%
0x397ff1542f962076d0bfe58ea045ffa2d347aca0,SushiSwap LP Token (SLP),Dex,"1,830.50",0.06%
0x7b1e5d984a43ee732de195628d20d05cfabc3cc7,Uniswap V3(WETH-ONDO),Dex,"1,791.23",0.06%
0x1e0447b19bb6ecfdae1e4ae1694b0c3659614e4e,Solo Margin,Dex,"1,772.88",0.06%
0x09d1d767edf8fa23a64c51fa559e0688e526812f,Uniswap V2 (UNI-V2),Dex,"1,559.32",0.05%
0x9ec9367b8c4dd45ec8e7b800b1f719251053ad60,Uniswap V2 (UNI-V2),Dex,"1,544.46",0.05%
0xc3d03e4f041fd4cd388c549ee2a29a9e5075882f,SushiSwap LP Token (SLP),Dex,"1,526.17",0.05%
0x6c4c7f46d9d4ef6bc5c9e155f011ad19fc4ef321,Uniswap V3(RFD-WETH),Dex,"1,452.19",0.05%
0x1498bd576454159bb81b5ce532692a8752d163e8,SushiSwap LP Token (SLP),Dex,"1,448.29",0.05%
0x2201d2400d30bfd8172104b4ad046d019ca4e7bd,PancakeSwap V3,Dex,"1,386.07",0.05%
0x4028daac072e492d34a3afdbef0ba7e35d8b55c4,Uniswap V2 (UNI-V2),Dex,"1,352.26",0.04%
0xc5be99a02c6857f9eac67bbce58df5572498f40c,Uniswap V2 (UNI-V2),Dex,"1,304.76",0.04%
0x127452f3f9cdc0389b0bf59ce6131aa3bd763598,Uniswap V3,Dex,"1,296.85",0.04%
0xc7bbec68d12a0d1830360f8ec58fa599ba1b0e9b,Uniswap V3(WETH-USDT),Dex,"1,263.58",0.04%
0x7138eae57e8a214f7297e5e67bb6e183df3572d5,Uniswap V3(DINERO-WETH),Dex,"1,255.16",0.04%
0xd31d41dffa3589bb0c0183e46a1eed983a5e5978,Uniswap V3(ATH-WETH),Dex,"1,251.87",0.04%
0x1d42064fc4beb5f8aaf85f4617ae8b3b5b8bd801,Uniswap V3(UNI-WETH),Dex,"1,242.54",0.04%
0x2cc846fff0b08fb3bffad71f53a60b4b6e6d6482,Uniswap V2 (UNI-V2),Dex,"1,211.60",0.04%
0x840deeef2f115cf50da625f7368c24af6fe74410,Uniswap V3: cbETH 2,Dex,"1,191.96",0.04%
0xcf6daab95c476106eca715d48de4b13287ffdeaa,ShibaSwap LP Token (SSLP),Dex,"1,163.92",0.04%
0x2a6c340bcbb0a79d3deecd3bc5cbc2605ea9259f,Uniswap V2 (UNI-V2),Dex,"1,162.89",0.04%
0x25647e01bd0967c1b9599fa3521939871d1d0888,Uniswap V2 (UNI-V2),Dex,"1,162.62",0.04%
0x058d79a4c6eb5b11d0248993ffa1faa168ddd3c0,Uniswap V3: wNXM,Dex,"1,125.21",0.04%
0x6f400810b62df8e13fded51be75ff5393eaa841f,DXdao: Mesa,Dex,"1,087.73",0.03%
0xddd23787a6b80a794d952f5fb036d0b31a8e6aff,Uniswap V2 (UNI-V2),Dex,"1,055.89",0.03%
0xe4b8583ccb95b25737c016ac88e539d0605949e8,Uniswap V2 (UNI-V2),Dex,"1,055.78",0.03%
0x744159757cac173a7a3ecf5e97adb10d1a725377,Uniswap V3: FET,Dex,"1,051.72",0.03%
0x48d20b3e529fb3dd7d91293f80638df582ab2daa,Uniswap V2 (UNI-V2),Dex,"1,048.07",0.03%
0x5cd0ad98ba6288ed7819246a1ebc0386c32c314b,Uniswap V3(WETH-FOOM),Dex,"1,046.16",0.03%
0x1df4c6e36d61416813b42fe32724ef11e363eddc,Uniswap V3(PANDORA-WETH),Dex,993.53,0.03%
0xc91ef786fbf6d62858262c82c63de45085dea659,Uniswap V2 (UNI-V2),Dex,988.55,0.03%
0x11950d141ecb863f01007add7d1a342041227b58,Uniswap V3(PEPE-WETH),Dex,975.78,0.03%
0x0f23d49bc92ec52ff591d091b3e16c937034496e,Uniswap V2 (UNI-V2),Dex,957.10,0.03%
0x6ada49aeccf6e556bb7a35ef0119cc8ca795294a,Uniswap V2 (UNI-V2),Dex,951.46,0.03%
0x9ff68f61ca5eb0c6606dc517a9d44001e564bb66,Uniswap V2 (UNI-V2),Dex,951.38,0.03%
0xda2d09fbbf8ee4b5051a0e9b562c5fcb4b393b18,Uniswap V2 (UNI-V2),Dex,933.59,0.03%
0xc7e6b676bfc73ae40bcc4577f22aab1682c691c6,Uniswap V2 (UNI-V2),Dex,914.56,0.03%
0x1ffec7119e315b15852557f654ae0052f76e6ae1,Uniswap V2 (UNI-V2),Dex,894.52,0.03%
0x0463a06fbc8bf28b3f120cd1bfc59483f099d332,SushiSwap LP Token (SLP),Dex,894.37,0.03%
0x2982d3295a0e1a99e6e88ece0e93ffdfc5c761ae,Uniswap V3(wTAO-WETH),Dex,886.60,0.03%
0xa4e0faa58465a2d369aa21b3e42d43374c6f9613,Uniswap V3(rETH-WETH),Dex,885.09,0.03%
0xcaa004418eb42cdf00cb057b7c9e28f0ffd840a5,Uniswap V2 (UNI-V2),Dex,877.57,0.03%
0x402b2bceb1415f48b413752cc0e27d76ff34ddeb,PancakeSwap V3,Dex,826.33,0.03%
0x470e8de2ebaef52014a47cb5e6af86884947f08c,Uniswap V2 (UNI-V2),Dex,812.14,0.02%
0xc593fe9193b745447e86b45ea0bf62565ee030cc,Uniswap V3(WETH-ANYONE),Dex,769.70,0.02%
0xd3d2e2692501a5c9ca623199d38826e513033a17,Uniswap V2 (UNI-V2),Dex,758.20,0.02%
0xefb47fcfcad4f96c83d4ca676842fb03ef20a477,ShibaSwap LP Token (SSLP),Dex,731.02,0.02%
0x5d811a9d059ddab0c18b385ad3b752f734f011cb,Uniswap V3(LsETH-WETH),Dex,716.04,0.02%
0x09403fd14510f8196f7879ef514827cd76960b5d,dYdX: Perpetual Proxy,Dex,702.31,0.02%
0x2caccf71bdf8fff97c06a46eca29b611b1a74b5e,Uniswap V2 (UNI-V2),Dex,698.12,0.02%
0x1cf0df2a5a20cd61d68d4489eebbf85b8d39e18a,Rarible: Treasury,Dex,697.69,0.02%
0x88051b0eea095007d3bef21ab287be961f3d8598,Uniswap V3: OHM 3,Dex,687.26,0.02%
0x16588709ca8f7b84829b43cc1c5cb7e84a321b16,Uniswap V3(PRIME-WETH),Dex,684.88,0.02%
0xe46935ae80e05cdebd4a4008b6ccaa36d2845370,Uniswap V2 (UNI-V2),Dex,673.05,0.02%
0x343fd171caf4f0287ae6b87d75a8964dc44516ab,Uniswap V2 (UNI-V2),Dex,662.55,0.02%
0xaf996125e98b5804c00ffdb4f7ff386307c99a00,Uniswap V2 (UNI-V2),Dex,662.16,0.02%
0xe3170d65018882a336743a9c396c52ea4b9c5563,Uniswap V3(DMT-WETH),Dex,660.06,0.02%
0x570febdf89c07f256c75686caca215289bb11cfc,Uniswap V2 (UNI-V2),Dex,657.99,0.02%
0xf07a84f0732dfe8eea0d3961bcd8f62c761ff508,Uniswap V2 (UNI-V2),Dex,653.49,0.02%
0x4b62fa30fea125e43780dc425c2be5acb4ba743b,Uniswap V3: TONCOIN,Dex,650.53,0.02%
0x531b6a4b3f962208ea8ed5268c642c84bb29be0b,Uniswap V3(GLM-WETH),Dex,640.10,0.02%
0x69c7bd26512f52bf6f76fab834140d13dda673ca,Uniswap V2 (UNI-V2),Dex,635.78,0.02%
0x7924a818013f39cf800f5589ff1f1f0def54f31f,Uniswap V2 (UNI-V2),Dex,632.48,0.02%
0x5ced44f03ff443bbe14d8ea23bc24425fb89e3ed,Uniswap V2 (UNI-V2),Dex,622.51,0.02%
0x97e1fcb93ae7267dbafad23f7b9afaa08264cfd8,Uniswap V2 (UNI-V2),Dex,618.47,0.02%
0x8fe199d58ebbec1c9c8dc45c9961ce3ac33e939c,Uniswap V3(AZUR-WETH),Dex,612.27,0.02%
0xf063806d07fe742b031a543145fb46d1bc670fe8,Uniswap V2 (UNI-V2),Dex,610.82,0.02%
0xc0067d751fb1172dbab1fa003efe214ee8f419b6,Uniswap V2 (UNI-V2),Dex,599.24,0.02%
0x1ac1a8feaaea1900c4166deeed0c11cc10669d36,PancakeSwap V3,Dex,595.29,0.02%
0x795065dcc9f64b5614c407a6efdc400da6221fb0,SushiSwap LP Token (SLP),Dex,591.21,0.02%
0xe945683b3462d2603a18bdfbb19261c6a4f03ad1,Uniswap V2 (UNI-V2),Dex,587.35,0.02%
0xa1bf0e900fb272089c9fd299ea14bfccb1d1c2c0,Uniswap V2 (UNI-V2),Dex,581.40,0.02%
0xc3d7aa944105d3fafe07fc1822102449c916a8d0,Uniswap V2 (UNI-V2),Dex,577.45,0.02%
0x8ef79d6c328c25da633559c20c75f638a4863462,Uniswap V2 (UNI-V2),Dex,571.98,0.02%
0x841820459769cd629b10a36fd12e603938cc2679,Uniswap V3(WLD-WETH),Dex,571.21,0.02%
0xc3f279090a47e80990fe3a9c30d24cb117ef91a8,SushiSwap LP Token (SLP),Dex,561.66,0.02%
0x82b8ee01e63af40bec3cb555795d2a12c495ee23,Uniswap V2 (UNI-V2),Dex,557.68,0.02%
0x60594a405d53811d3bc4766596efd80fd545a270,Uniswap V3: DAI 2,Dex,555.36,0.02%
0xbe80225f09645f172b079394312220637c440a63,Uniswap V3(ezETH-WETH),Dex,552.14,0.02%
0xcbe856765eeec3fdc505ddebf9dc612da995e593,Uniswap V2 (UNI-V2),Dex,552.05,0.02%
0xaf21b0ec0197e63a5c6cc30c8e947eb8165c6212,Uniswap V2 (UNI-V2),Dex,542.06,0.01%
0xe6ff8b9a37b0fab776134636d9981aa778c4e718,Uniswap V3: WBTC 4,Dex,541.48,0.01%
0x2a0330c7e979a4d18e5b0c987b877da24dd37d04,Uniswap V3: AIOZ,Dex,530.13,0.01%
0xa5e9c917b4b821e4e0a5bbefce078ab6540d6b5e,Uniswap V2 (UNI-V2),Dex,518.72,0.01%
0x9af0f334f9f451ce9e650278e56fec212f35cec1,Uniswap V2 (UNI-V2),Dex,508.01,0.01%
0x2837809fd68e4a4104af76bbec5b622b6146b2cb,Uniswap V3(WETH-RAIL),Dex,498.57,0.01%
0x69c66beafb06674db41b22cfc50c34a93b8d82a2,Uniswap V2 (UNI-V2),Dex,492.54,0.01%
0xbf16540c857b4e32ce6c37d2f7725c8eec869b8b,Uniswap V2 (UNI-V2),Dex,491.67,0.01%
0x92560c178ce069cc014138ed3c2f5221ba71f58a,Uniswap V3,Dex,491.05,0.01%
0xeedff72a683058f8ff531e8c98575f920430fdc5,Uniswap V2 (UNI-V2),Dex,489.22,0.01%
0x4a86c01d67965f8cb3d0aaa2c655705e64097c31,SushiSwap LP Token (SLP),Dex,488.35,0.01%
0x769f539486b31ef310125c44d7f405c6d470cd1f,Uniswap V2 (UNI-V2),Dex,484.11,0.01%
0x8d58e202016122aae65be55694dbce1b810b4072,Uniswap V2 (UNI-V2),Dex,474.70,0.01%
0x9c84f58bb51fabd18698efe95f5bab4f33e96e8f,Uniswap V2 (UNI-V2),Dex,472.90,0.01%
0x5281e311734869c64ca60ef047fd87759397efe6,Uniswap V2 (UNI-V2),Dex,471.76,0.01%
0x811cfb75567a252bea23474e2ccd1286927bfe0a,Uniswap V2 (UNI-V2),Dex,469.58,0.01%
0xaf585783337434fee47c9abfbd737156f9a84dd1,Uniswap V3(SHIBA2-WETH),Dex,468.54,0.01%
0x3016a43b482d0480460f6625115bd372fe90c6bf,Uniswap V2 (UNI-V2),Dex,455.16,0.01%
0x90908e414d3525e33733d320798b5681508255ea,Uniswap V2 (UNI-V2),Dex,451.20,0.01%
0x8dbee21e8586ee356130074aaa789c33159921ca,Uniswap V2 (UNI-V2),Dex,450.03,0.01%
0x8fb8e9921922d2ffb529a95d28a0d06d275d7a59,Uniswap V2 (UNI-V2),Dex,447.07,0.01%
0xc3db44adc1fcdfd5671f555236eae49f4a8eea18,Uniswap V3(ENA-WETH),Dex,445.70,0.01%
0x02edd21f1db8eb146be60998e9801691e725f119,Uniswap V3(pxETH-WETH),Dex,434.15,0.01%
0x1c98562a2fab5af19d8fb3291a36ac3c618835d9,Uniswap V3(Metis-WETH),Dex,434.02,0.01%
0xd4e7a6e2d03e4e48dfc27dd3f46df1c176647e38,SushiSwap LP Token (SLP),Dex,431.30,0.01%
0xa2107fa5b38d9bbd2c461d6edf11b11a50f6b974,Uniswap V2 (UNI-V2),Dex,425.12,0.01%
0x96aa22baedc5a605357e0b9ae20ab6b10a472e03,Uniswap V2 (UNI-V2),Dex,413.68,0.01%
0xc730ef0f4973da9cc0ab8ab291890d3e77f58f79,Uniswap V2 (UNI-V2),Dex,407.13,0.01%
0x1112956589a2bea1b038732db4ea6b0c416ef130,Uniswap V2 (UNI-V2),Dex,400.26,0.01%
0xbe8bc29765e11894f803906ee1055a344fdf2511,Uniswap V2 (UNI-V2),Dex,396.63,0.01%
0x6a164da2cdae5f1836c8fe6d683c3df4a0a65e5c,Uniswap V2 (UNI-V2),Dex,391.55,0.01%
0xd9f2a7471d1998c69de5cae6df5d3f070f01df9f,Uniswap V2 (UNI-V2),Dex,378.83,0.01%
0x7baece5d47f1bc5e1953fbe0e9931d54dab6d810,Uniswap V3(TURBO-WETH),Dex,368.41,0.01%
0x43e7ade137b86798654d8e78c36d5a556a647224,Uniswap V3(wQUIL-WETH),Dex,364.31,0.01%
0x29f07e631a2f990e1f6117c6285a44e746b1f090,Uniswap V2 (UNI-V2),Dex,361.63,0.01%
0x4d136871d5617019dfdb339a2cd7cb5a0b75e7f3,Uniswap V2 (UNI-V2),Dex,357.69,0.01%
0x05c024b441d2c288c2729b484bd4bcef3596aa51,Uniswap V2 (UNI-V2),Dex,357.66,0.01%
0xbf88870abb9b885b8cd84b5988212591c4560bcd,Uniswap V2 (UNI-V2),Dex,356.15,0.01%
0xf4acdac048c14c5e49bbede0c72444d806a75cde,Uniswap V2 (UNI-V2),Dex,356.09,0.01%
0x4b3ec6f5290f729e4b9b0ccfbb1dfaa118c078a2,Uniswap V2 (UNI-V2),Dex,352.67,0.01%
0x6a888fb73f13104473a4bdfb1beb220ac1eafda3,Uniswap V3(MAVIA-WETH),Dex,349.61,0.01%
0xe471f93c2be15b64e9ec63bbf485446cb934e8c4,Uniswap V2 (UNI-V2),Dex,348.53,0.01%
0x5bb8f1ce603577a4d17cc9d72f6a4c38f3b0b74c,Uniswap V2 (UNI-V2),Dex,338.61,0.01%
0xc09bf2b1bc8725903c509e8caeef9190857215a8,Uniswap V2 (UNI-V2),Dex,335.52,0.01%
0xffa98a091331df4600f87c9164cd27e8a5cd2405,Uniswap V2 (UNI-V2),Dex,335.35,0.01%
0x91cc8585fd0e7243bd21037014ab9cb8be11f1cc,Uniswap V3(UDW-WETH),Dex,334.47,0.01%
0x8f1b19622a888c53c8ee4f7d7b4dc8f574ff9068,Uniswap V2 (UNI-V2),Dex,327.70,0.01%
0x68b44c26874998adbd41a964e92315809524c7cb,Uniswap V2 (UNI-V2),Dex,326.65,0.01%
0x0e85fb1be698e777f2185350b4a52e5ee8df51a6,Uniswap V2 (UNI-V2),Dex,325.95,0.01%
0x4a7d4be868e0b811ea804faf0d3a325c3a29a9ad,Uniswap V2 (UNI-V2),Dex,325.26,0.01%
0x331399c614ca67dee86733e5a2fba40dbb16827c,Uniswap V3(PORK-WETH),Dex,323.48,0.01%
0xc2adda861f89bbb333c90c492cb837741916a225,Uniswap V2 (UNI-V2),Dex,323.12,0.01%
0xeefa3b448768dd561af4f743c9e925987a1f8d09,SushiSwap LP Token (SLP),Dex,323.11,0.01%
0x959c7d5706ac0b5a29f506a1019ba7f2a1c70c70,Uniswap V3: SHI,Dex,322.70,0.01%
0xf82d8ec196fb0d56c6b82a8b1870f09502a49f88,Uniswap V2 (UNI-V2),Dex,317.99,0.01%
0xdef171fe48cf0115b1d80b88dc8eab59176fee57,Paraswap v5: Augustus Swapper Mainnet,Dex,317.43,0.01%
0x2a6c361b43a2edcae08e2bd5448e90e9369cced9,Uniswap V2 (UNI-V2),Dex,315.71,0.01%
0x30ea22c879628514f1494d4bbfef79d21a6b49a2,Uniswap V3(WETH-swETH),Dex,313.80,0.01%
0xc40d16476380e4037e6b1a2594caf6a6cc8da967,SushiSwap LP Token (SLP),Dex,309.64,0.01%
0xe0f0e02a16b45f949b98856b61175e63ca5f6293,Uniswap V3(UNCX-WETH),Dex,308.38,0.01%
0xebbc72c68557406d6d0c7ff0aa0a86177f8994ab,Uniswap V2 (UNI-V2),Dex,301.21,0.01%
0x75ea68f3c8c59bbc032dfce2db0705e2c6efad0b,Uniswap V3: PDT,Dex,300.33,0.01%
0x79dd15ad871b0fe18040a52f951d757ef88cfe72,Uniswap V2 (UNI-V2),Dex,299.09,0.01%
0x3b685307c8611afb2a9e83ebc8743dc20480716e,Uniswap V3,Dex,297.49,0.01%
0x666ed8c2151f00e7e58b4d941f65a9df68d2245b,Uniswap V3(WOOF-WETH),Dex,296.79,0.01%
0x15a8e38942f9e353bec8812763fb3c104c89ecf4,SushiSwap LP Token (SLP),Dex,295.47,0.01%
0xcd423f3ab39a11ff1d9208b7d37df56e902c932b,Uniswap V3(PRIME-WETH),Dex,295.20,0.01%
0xc3f6b81fb9e6db259272026601689e383f94c0b0,Uniswap V3,Dex,294.62,0.01%
0x177622e79acece98c39f6e12fa78ac7fc8a8bf62,Uniswap V3: cbETH 4,Dex,294.18,0.01%
0x704ad8d95c12d7fea531738faa94402725acb035,Uniswap V2 (UNI-V2),Dex,293.95,0.01%
0x826b34e62320108a9fa38a080360d693a8a73111,Uniswap V3(WETH-MON),Dex,293.12,0.01%
0xb02045ad2ca16e8f4675088140e369260bb280c8,Uniswap V3(KAS-WETH),Dex,291.27,0.01%
0x1385fc1fe0418ea0b4fcf7adc61fc7535ab7f80d,Uniswap V3(DEAI-WETH),Dex,291.11,0.01%
0x06da0fd433c1a5d7a4faa01111c044910a184553,SushiSwap LP Token (SLP),Dex,288.97,0.01%
0x553e9c493678d8606d6a5ba284643db2110df823,Uniswap V3(rETH-WETH),Dex,288.22,0.01%
0x0c3fdf9c70835f9be9db9585ecb6a1ee3f20a6c7,Uniswap V2 (UNI-V2),Dex,287.57,0.01%
0x3d3f13f2529ec3c84b2940155effbf9b39a8f3ec,SushiSwap LP Token (SLP),Dex,285.73,0.01%
0x68082ecc5bbad8fe77c2cb9d0e3403d9a00ccbc2,Uniswap V3(WDOGE-WETH),Dex,285.01,0.01%
0x0fa3e014fa2e751f78e53dca766fac2223327329,Balancer Pool Token (BPT),Dex,281.76,0.01%
0xda3a20aad0c34fa742bd9813d45bbf67c787ae0b,Uniswap V2 (UNI-V2),Dex,281.25,0.01%
0xb36ec83d844c0579ec2493f10b2087e96bb65460,Uniswap V2 (UNI-V2),Dex,279.45,0.01%
0x4dd26482738be6c06c31467a19dcda9ad781e8c4,Uniswap V2 (UNI-V2),Dex,278.46,0.01%
0xc2b7888a8d7b62e2a518bbc79fbbd6b75da524b6,Uniswap V2 (UNI-V2),Dex,278.17,0.01%
0x32ce7e48debdccbfe0cd037cc89526e4382cb81b,Uniswap V2 (UNI-V2),Dex,277.31,0.01%
0xc3881fbb90daf3066da30016d578ed024027317c,Uniswap V3: GLQ,Dex,273.73,0.00%
0xae790e2a4785298cb18150f3dc4a60bd81fcd274,Uniswap V3(1CAT-WETH),Dex,270.06,0.00%
0x6033368e4a402605294c91cf5c03d72bd96e7d8d,Uniswap V2 (UNI-V2),Dex,269.34,0.00%
0x70258aa9830c2c84d855df1d61e12c256f6448b4,Uniswap V2 (UNI-V2),Dex,268.88,0.00%
0xb57cfe32dbf5227d9c9a03ef3d2e9e53cb4524b0,Uniswap V3(WETH-OLM),Dex,268.76,0.00%
0x8fd3a04cb30a1fd9ffaf1548972b2e5117d0a52d,Uniswap V2 (UNI-V2),Dex,265.41,0.00%
0xbc6d37be25b06471d9e094dbb800c1d006e5a9ed,Uniswap V2 (UNI-V2),Dex,265.13,0.00%
0x434e4633c3e0b454813b2ceabd0c1fc2b32b4152,Uniswap V2 (UNI-V2),Dex,262.61,0.00%
0x57654ae132413e81459ad2ae70c2570a9b89fb53,ShibaSwap LP Token (SSLP),Dex,262.44,0.00%
0x844eb5c280f38c7462316aad3f338ef9bda62668,Uniswap V3(MUBI-WETH),Dex,262.43,0.00%
0xe2680fd7cdbb04e9087a647ad4d023ef6c8fb4e2,Uniswap V3,Dex,262.12,0.00%
0x7054b0f980a7eb5b3a6b3446f3c947d80162775c,Uniswap V2 (UNI-V2),Dex,260.71,0.00%
0x7832310cd0de39c4ce0a635f34d9a4b5b47fd434,Uniswap V3(Mog-WETH),Dex,260.52,0.00%
0x99dfde431b40321a35deb6aeb55cf338ddd6eccd,Uniswap V2 (UNI-V2),Dex,257.26,0.00%
0x0a55882f4e1117adc54afbbac4a39079ad52fb89,Uniswap V3: SSV,Dex,255.61,0.00%
0x8c07e1dfede38b1908698988b4202a87e0d7a0f7,Uniswap V2 (UNI-V2),Dex,254.90,0.00%
0xc96f20099d96b37d7ede66ff9e4de59b9b1065b1,SushiSwap LP Token (SLP),Dex,251.47,0.00%
0xf827fa9b46745a876637406e2a3bf0a2766b89ba,Uniswap V2 (UNI-V2),Dex,249.16,0.00%
0xcd83055557536eff25fd0eafbc56e74a1b4260b3,Uniswap V3,Dex,248.81,0.00%
0x5c6919b79fac1c3555675ae59a9ac2484f3972f5,Uniswap V2 (UNI-V2),Dex,248.37,0.00%
0xaf81e930620eb55a9a6927c4b2afcb4d61040c32,Uniswap V3(TONCOIN-WETH),Dex,246.96,0.00%
0x959873fb4fc11825fba83c80c4c632db1e936e15,Uniswap V2 (UNI-V2),Dex,246.88,0.00%
0x3478b3ecc153ce61ea3c6788611fdbb374d4305d,Uniswap V2 (UNI-V2),Dex,245.77,0.00%
0xf9e18e98a0bb56fe7e663f5ab1170b3105c4c56d,Uniswap V3(EAI-WETH),Dex,245.71,0.00%
0x52c77b0cb827afbad022e6d6caf2c44452edbc39,Uniswap V2 (UNI-V2),Dex,245.23,0.00%
0x85aa97537837514a9229fcaeb66eeef7242122bf,Uniswap V2 (UNI-V2),Dex,244.51,0.00%
0x23d15edceb5b5b3a23347fa425846de80a2e8e5c,Uniswap V2 (UNI-V2),Dex,243.60,0.00%
0x5ce6c939e6d640cca9d9c865adaa2b1e02c0a76c,Uniswap V2 (UNI-V2),Dex,243.12,0.00%
0x508acdc358be2ed126b1441f0cff853dec49d40f,Uniswap V3(ACX-WETH),Dex,242.80,0.00%
0x466882ee013a5c9fb0e4e08ca0804f71ac58c6cc,Uniswap V3(WETH-uniETH),Dex,238.99,0.00%
0x4c54ff7f1c424ff5487a32aad0b48b19cbaf087f,Uniswap V3: NEXO,Dex,238.56,0.00%
0x6047a8b64aeae00aabe07c45b8d9e14817c3bd21,Uniswap V2 (UNI-V2),Dex,236.66,0.00%
0xfe9e7931e55c514c33d489c88582fa36e84bd8e3,Uniswap V2 (UNI-V2),Dex,236.39,0.00%
0xb9ebf49f3c12a3f9aa18f4ff0383c0ec29750070,Uniswap V3(WETH-FP),Dex,233.84,0.00%
0x33a93bd484053615933502cb1299f77de48036c8,Uniswap V2 (UNI-V2),Dex,232.11,0.00%
0xc1cd3d0913f4633b43fcddbcd7342bc9b71c676f,Uniswap V3(INST-WETH),Dex,231.82,0.00%
0xc45a81bc23a64ea556ab4cdf08a86b61cdceea8b,Uniswap V3(WETH-TITANX),Dex,231.80,0.00%
0x9b7dad79fc16106b47a3dab791f389c167e15eb0,Uniswap V2 (UNI-V2),Dex,229.98,0.00%
0xe1188ec51db807aa2ed4e81deefcda943d1cfdb3,Uniswap V2 (UNI-V2),Dex,229.84,0.00%
0x78b9524101fb67286338261ddd85e20665e571c1,Uniswap V2 (UNI-V2),Dex,229.33,0.00%
0x315ed60258702f8d159b98df4c0dbeb1d7d776df,Uniswap V2 (UNI-V2),Dex,228.05,0.00%
0x4e34da137f0b317c633838458e0c923a5e088752,Uniswap V2 (UNI-V2),Dex,227.44,0.00%
0xa28c4c450aa9b4f7f52f4ed8072d72e8d38fcb3c,Uniswap V3(WETH-GPT),Dex,227.13,0.00%
0xad9ef19e289dcbc9ab27b83d2df53cdeff60f02d,Uniswap V3(SAVM-WETH),Dex,226.21,0.00%
0x10a19e7ee7d7f8a52822f6817de8ea18204f2e4f,Balancer V2,Dex,225.88,0.00%
0xccb63225a7b19dcf66717e4d40c9a72b39331d61,Uniswap V2 (UNI-V2),Dex,225.76,0.00%
0x4eefe02fce5b53ca33c7717bbd8ad3c9cb0609f1,Uniswap V2 (UNI-V2),Dex,225.59,0.00%
0xefdf4dfc4e817197851266acf0082a80dab18b24,Uniswap V2 (UNI-V2),Dex,225.08,0.00%
0x811beed0119b4afce20d2583eb608c6f7af1954f,Uniswap V2 (UNI-V2),Dex,225.03,0.00%
0x9f2ebe69a86c079f3d4c3b94a11932b676b72f74,Uniswap V3(BabyDoge-WETH),Dex,223.24,0.00%
0xd101821c56b4405af4a376cbe81fa0dc90207dc2,Uniswap V2 (UNI-V2),Dex,223.09,0.00%
0x219cbd6e2bfbac582aade813abfc35927d977dfc,Uniswap V3(TARD-WETH),Dex,220.85,0.00%
0x450e653a0a125a1dc36d3901d3cce2e2287df0c2,Uniswap V2 (UNI-V2),Dex,220.38,0.00%
0xb7426bfd2abf64428fa82a71b0d44b056ffcc286,Uniswap V2 (UNI-V2),Dex,218.51,0.00%
0x56d8bbe2d518205b521aeb86a58e1b53b047a44f,Uniswap V2 (UNI-V2),Dex,218.37,0.00%
0x21ffaa1c83946a89bef4d639f71d070c868b8694,Uniswap V2 (UNI-V2),Dex,217.74,0.00%
0xcc0fcd959871e69f84fe9464c629f327941b655b,Uniswap V2 (UNI-V2),Dex,217.63,0.00%
0xec81c9eb83e464499b09b38510f967d97363745b,Uniswap V2 (UNI-V2),Dex,216.60,0.00%
0x217616ea25a8b91389e806a4a0fa99b805f1b2e7,Uniswap V3(APUFF-WETH),Dex,215.88,0.00%
0x29c830864930c897efa2b9e9851342187b82010e,Uniswap V2 (UNI-V2),Dex,215.36,0.00%
0x419991da56d9ad96a1a38513b7ae7e49caa4b82c,Uniswap V2 (UNI-V2),Dex,214.22,0.00%
0x4261a2fc11abd29697513f197fccf09fb45ec346,Uniswap V3(ETH2X-WETH),Dex,214.14,0.00%
0x6770d614fa5a5b47d721d7c883a624aee092259a,Uniswap V2 (UNI-V2),Dex,214.13,0.00%
0x34da451e8f5b02dc177247c2ba45bc9d3b5c9394,Uniswap V3(CYDX-WETH),Dex,213.05,0.00%
0x1921b852f38bc68430780242b2628d0ca14cef83,Uniswap V2 (UNI-V2),Dex,211.68,0.00%
0xe5437565cba444f33f40215afecc92e38e2d1ba9,Uniswap V2 (UNI-V2),Dex,211.29,0.00%
0x4d5ef58aac27d99935e5b6b4a6778ff292059991,Uniswap V2 (UNI-V2),Dex,210.66,0.00%
0x67324985b5014b36b960273353deb3d96f2f18c2,Uniswap V2 (UNI-V2),Dex,209.16,0.00%
0x0e2c4be9f3408e5b1ff631576d946eb8c224b5ed,Uniswap V3: GRT 2,Dex,209.08,0.00%
0x61bc0e018a1332107f5d7f730fa39f703e246881,Uniswap V2 (UNI-V2),Dex,208.43,0.00%
0xb223ce5bd5e928b5eb46cfe80d4ffa58fc66d7c0,Uniswap V2 (UNI-V2),Dex,207.90,0.00%
0xdf4f3749bb4e96bf91a67c7e873d9c04198d924a,Uniswap V2 (UNI-V2),Dex,206.68,0.00%
0xb5851eb5ec92afff01840b90ed3bea51a77b3cc6,Uniswap V3(WETH-DIVER),Dex,206.49,0.00%
0x4581ce7a1b68f32fce97cf9f516f3550053b32a6,Uniswap V2 (UNI-V2),Dex,205.09,0.00%
0x4d1eff861316396dd1915f69b49f4c2d7b11590d,Uniswap V3(JASMY-WETH),Dex,204.81,0.00%
0xf10e8ccdb3f065bf24afa14d08cc6336d4a9a281,Uniswap V3(GNUS-WETH),Dex,204.02,0.00%
0xdc75e957e13487224c273fba04b2a4cf9a325a57,Uniswap V3(TREE-WETH),Dex,203.40,0.00%
0xcd6bcca48069f8588780dfa274960f15685aee0e,Uniswap V2 (UNI-V2),Dex,203.26,0.00%
0x828b154032950c8ff7cf8085d841723db2696056,Curve.fi Factory Plain Pool: stETH concentrated (STETHETH_C-f),Dex,203.19,0.00%
0x8a8f6547c8c9f2a181f3a487174430dcaf5bbec6,Uniswap V2 (UNI-V2),Dex,201.98,0.00%
0x345bec0d86f156294e6602516284c19bd449be1e,Uniswap V3(SAN-WETH),Dex,201.54,0.00%
0x80ed1b41476b95fb47830825b65fd3bf59f6a348,Uniswap V3(BVM-WETH),Dex,201.00,0.00%
0x07840b4825b74cc6ce264bf2743dee647194f49b,Uniswap V2 (UNI-V2),Dex,200.89,0.00%
0x7bea39867e4169dbe237d55c8242a8f2fcdcc387,Uniswap V3(USDC-WETH),Dex,199.43,0.00%
0x63818bbdd21e69be108a23ac1e84cbf66399bd7d,Uniswap V3: stETH 3,Dex,197.82,0.00%
0xa66cdad5facbcbf74d9b60dcc8034c2a485e63ff,Uniswap V2 (UNI-V2),Dex,196.36,0.00%
0x6d1bf1bad3ad84fec48d8808d752b683cf30c77c,Uniswap V2 (UNI-V2),Dex,195.38,0.00%
0x3f93129a61c0c60759a9a871dc683ae58e55209f,Uniswap V3: SIPHER,Dex,194.45,0.00%
0x3beeab9d5624e487045e01d12332975204a04a8a,Uniswap V2 (UNI-V2),Dex,193.89,0.00%
0xf2cb7243aaf57575e6d3165991327b0410bf91ef,Uniswap V2 (UNI-V2),Dex,190.83,0.00%
0x2854fbda37ac17aa184772bca10d2ca731e06c8c,Uniswap V2 (UNI-V2),Dex,187.53,0.00%
0xe21876afd4c632b22870df250e5df1754c1875e8,Uniswap V3(WETH-BSSB),Dex,187.41,0.00%
0xe936f0073549ad8b1fa53583600d629ba9375161,Uniswap V3: RNDR 2,Dex,187.35,0.00%
0x0b316150f91dbd9a234b870cc75aaf57def1be43,Uniswap V2 (UNI-V2),Dex,186.63,0.00%
0x450a136224734a05a494323be8623ef668f74c0e,Uniswap V2 (UNI-V2),Dex,186.10,0.00%
0xa050f7adc241afa59ad5f343eaf4faf5f30a4cdb,Uniswap V3(WETH-NEXT),Dex,184.52,0.00%
0x78612ae1f88bdf52fd8fe4c1844820716bf82d91,Uniswap V2 (UNI-V2),Dex,183.81,0.00%
0x2a706f26e0bd400ac710bec99150ed9d644f29bd,Uniswap V2 (UNI-V2),Dex,183.80,0.00%
0x77924185cf0cbb2ae0b746a0086a065d6875b0a5,Uniswap V3(XDEFI-WETH),Dex,182.40,0.00%
0xc98936de9640d6bfc24f82de1cf0f8cd9f5b388d,Uniswap V2 (UNI-V2),Dex,182.29,0.00%
0x7fdeb46b3a0916630f36e886d675602b1007fcbb,Uniswap V2 (UNI-V2),Dex,181.29,0.00%
0x383d02acbb27b0066234cc1c9c459e0c54a41b24,Uniswap V2 (UNI-V2),Dex,181.29,0.00%
0x1eff8af5d577060ba4ac8a29a13525bb0ee2a3d5,Balancer Pool Token (BPT),Dex,180.55,0.00%
0x051ef36e55875c08e4efaea6072c6d0f66fb0b9f,Uniswap V2 (UNI-V2),Dex,178.69,0.00%
0x347c280fa84363147441cae5cd28df1b596f2c1f,Uniswap V2 (UNI-V2),Dex,178.53,0.00%
0xbf519fb74965680b45d528d29e1d77bd1728c9ce,Uniswap V2 (UNI-V2),Dex,178.37,0.00%
0xc8f03fdc7b685357f78230814da6944c71c874e4,Uniswap V2 (UNI-V2),Dex,178.19,0.00%
0x7b3ed3a3444144ff526554d5f4aa463d1759f51a,Uniswap V3(WETH-AXGT),Dex,177.95,0.00%
0xbe78353416003aa6e2c38e85249fdee3ce8c9b1b,Uniswap V2 (UNI-V2),Dex,177.25,0.00%
0x4fbf0043758e1e79238da9df6835bb4df8ac5b57,Uniswap V2 (UNI-V2),Dex,176.58,0.00%
0x7d45a2557becd766a285d07a4701f5c64d716e2f,Uniswap V3(LOCK-WETH),Dex,174.01,0.00%
0x6ae0cdc5d2b89a8dcb99ad6b3435b3e7f7290077,Uniswap V3: KROM,Dex,173.56,0.00%
0x0c30062368eefb96bf3ade1218e685306b8e89fa,Uniswap V3(BITCOIN-WETH),Dex,173.56,0.00%
0x2f62f2b4c5fcd7570a709dec05d68ea19c82a9ec,Uniswap V3,Dex,173.38,0.00%
0x5201523c0ad5ba792c40ce5aff7df2d1a721bbf8,Uniswap V2 (UNI-V2),Dex,173.34,0.00%
0x119f33c3266dd5ed81a9db08d5033d4052e1e145,Uniswap V3,Dex,172.00,0.00%
0x3dd49f67e9d5bc4c5e6634b3f70bfd9dc1b6bd74,Uniswap V2 (UNI-V2),Dex,171.41,0.00%
0x27fd0857f0ef224097001e87e61026e39e1b04d1,Uniswap V2 (UNI-V2),Dex,170.93,0.00%
0x757d8d585ee1488097305bcb0fcec1ac4a55e9d6,Uniswap V3(PEW-WETH),Dex,169.70,0.00%
0x9345c3e50f31f18a68c5bd210cce6f2083ec6943,Uniswap V2 (UNI-V2),Dex,169.37,0.00%
0x75c23271661d9d143dcb617222bc4bec783eff34,DODO: WETH-USDC,Dex,167.83,0.00%
0xac86903cdda380f20a06cc8a2dea7749f1558c68,Uniswap V2 (UNI-V2),Dex,167.77,0.00%
0xda3706c9a099077e6bc389d1baf918565212a54d,Uniswap V2 (UNI-V2),Dex,167.49,0.00%
0x9cd1e0793ced49f5e592d77328967fffc6ea7516,Uniswap V3: LOVE 5,Dex,167.17,0.00%
0x559ebe4e206e6b4d50e9bd3008cda7ce640c52cb,SushiSwap LP Token (SLP),Dex,166.96,0.00%
0xc0e30ff7e079a6ebb88d068dc27f98517dfb6b0c,Uniswap V2 (UNI-V2),Dex,166.23,0.00%
0xcff0ac508c5c7d24f237de246141821a689ceaf2,Uniswap V2 (UNI-V2),Dex,165.67,0.00%
0xd6b117076222d95a05032a99f10738103c60d64d,Uniswap V2 (UNI-V2),Dex,164.97,0.00%
0xf3dce0483c9362db088f226b6a860e8f0508faf8,Uniswap V2 (UNI-V2),Dex,164.33,0.00%
0x94dd312f6cb52c870aacfeeb8bf5e4e28f6952ff,Uniswap V3(HAIR-WETH),Dex,163.59,0.00%
0x6c2b607bf0a8ede629d58ba5e05d0448ff7f890a,Uniswap V2 (UNI-V2),Dex,163.42,0.00%
0x6c35c40447e8011a63ab05f088fa7cd914d66904,Uniswap V2 (UNI-V2),Dex,161.89,0.00%
0xb9cf5bf7b4d54b43c504e303cec7d609243fcc61,Uniswap V2 (UNI-V2),Dex,161.68,0.00%
0x106b3f201f7b152b3239d2d443b1b1743b108b74,Uniswap V2 (UNI-V2),Dex,161.49,0.00%
0x151ccb92bc1ed5c6d0f9adb5cec4763ceb66ac7f,Uniswap V3,Dex,160.63,0.00%
0xaf06e7c7170eb22d52eb09b5ec5d1373c34164e9,Uniswap V2 (UNI-V2),Dex,160.55,0.00%
0xf07c735011c311f55425bf8c534471a0410d85ad,Uniswap V2 (UNI-V2),Dex,159.85,0.00%
0x050397956e1fc8a0a2e62af035275f8a415b85a7,Uniswap V2 (UNI-V2),Dex,159.80,0.00%
0xf649df4372d8bb3e6178e52fcd515519c78da348,Uniswap V3(WETH-ETH+),Dex,159.74,0.00%
0x52701adac460d4a414ae5f96b619da3f73ed2833,Uniswap V3(WETH-KERN),Dex,158.66,0.00%
0x3af5715574bf46190908c0853b6b76fec5d1191c,Uniswap V2 (UNI-V2),Dex,158.17,0.00%
0xa7fd8ff8f4cada298286d3006ee8f9c11e2ff84e,Uniswap V2 (UNI-V2),Dex,157.36,0.00%
0x9ac08370a3803a2a108052e2f7cd345288399dbc,Uniswap V2 (UNI-V2),Dex,157.25,0.00%
0x34a43471377dcce420ce8e3ffd9360b2e08fa7b4,Uniswap V2 (UNI-V2),Dex,155.96,0.00%
0xf227e97616063a0ea4143744738f9def2aa06743,Uniswap V2 (UNI-V2),Dex,154.47,0.00%
0x672fefac7f6e3017d9a2f1c14fe048191a24ce14,Uniswap V2 (UNI-V2),Dex,153.81,0.00%
0x5ab53ee1d50eef2c1dd3d5402789cd27bb52c1bb,Uniswap V3(AAVE-WETH),Dex,152.72,0.00%
0xdf60e6416fcf8c955fddf01148753a911f7a5905,Uniswap V2 (UNI-V2),Dex,152.66,0.00%
0x4fda00d490c1c05ff15d7313d1cebe9c711e434b,Uniswap V2 (UNI-V2),Dex,152.31,0.00%
0x57af956d3e2cca3b86f3d8c6772c03ddca3eaacb,Uniswap V3(PENDLE-WETH),Dex,151.73,0.00%
0xce5debe9dd76f96bb5fa00eb3cc084d43ec0dbf3,Uniswap V2 (UNI-V2),Dex,150.65,0.00%
0x9c04560df8dff626555317ccc2c336b9c24fda41,Uniswap V2 (UNI-V2),Dex,150.36,0.00%
0xcb37089fc6a6faff231b96e000300a6994d7a625,Uniswap V2 (UNI-V2),Dex,150.23,0.00%
0x0df407bc6abe9af2093dcb4c974e18d40a6a381a,Uniswap V3: KCS,Dex,150.11,0.00%
0x6490828bd87be38279a36f029f3b9af8b4e14b49,Uniswap V2 (UNI-V2),Dex,149.77,0.00%
0xa7480aafa8ad2af3ce24ac6853f960ae6ac7f0c4,Uniswap V2 (UNI-V2),Dex,149.42,0.00%
0x8a6d9525a0f07dcdc17fff15644342c314025a80,Uniswap V2 (UNI-V2),Dex,149.30,0.00%
0x6ebf160b4ef7dbadf563f14d484194e919d2a4f6,Uniswap V2 (UNI-V2),Dex,149.12,0.00%
0xc52a18e7358b1c618bd8f0e784b35636775afb4e,Uniswap V3(MAI-WETH),Dex,149.05,0.00%
0x1becf1ac50f31c3441181563f9d350ddf72a2bfa,Uniswap V3,Dex,148.91,0.00%
0xe6c804ff4ec692e6808c0d032cdbc03772fc4d42,Uniswap V2 (UNI-V2),Dex,147.48,0.00%
0x6de28f1176311b7408329a4d21c2bd1441be157f,Uniswap V3(MOONEY-WETH),Dex,146.85,0.00%
0x12d4444f96c644385d8ab355f6ddf801315b6254,Uniswap V2 (UNI-V2),Dex,145.55,0.00%
0x8fbd26a7cb1ab65834c5ea245aa1f1e78d03ed30,Uniswap V2 (UNI-V2),Dex,144.76,0.00%
0x98c58833efb950291a2f13978291d9b18c754404,Uniswap V3(UwU-WETH),Dex,143.15,0.00%
0x360acf12e72044ba3eaaa654e51e4725c699dcb1,Uniswap V3(ZRO-WETH),Dex,142.60,0.00%
0xfd76be67fff3bac84e3d5444167bbc018f5968b6,Uniswap V3(WETH-IMX),Dex,141.99,0.00%
0x948b54a93f5ad1df6b8bff6dc249d99ca2eca052,Uniswap V3: FET 2,Dex,141.94,0.00%
0xd75ea151a61d06868e31f8988d28dfe5e9df57b4,SushiSwap LP Token (SLP),Dex,140.31,0.00%
0x68e4af213c49f320175116bff189c9ca452ce29c,Uniswap V2 (UNI-V2),Dex,139.40,0.00%
0xa29fe6ef9592b5d408cca961d0fb9b1faf497d6d,Uniswap V2 (UNI-V2),Dex,139.08,0.00%
0x0dc9877f6024ccf16a470a74176c9260beb83ab6,Uniswap V3(RAI-WETH),Dex,138.70,0.00%
0x0be902716176d66364f1c2ecf25829a6d95c5bee,Uniswap V2 (UNI-V2),Dex,137.61,0.00%
0x29c82c693cd06c1f2778185e16ccd4de64e395cc,Uniswap V2 (UNI-V2),Dex,137.58,0.00%
0x9cd028b1287803250b1e226f0180eb725428d069,SushiSwap LP Token (SLP),Dex,137.41,0.00%
0x9628105808292699874f20d77d50a09bc26850c5,Uniswap V3(ALPH-WETH),Dex,136.51,0.00%
0x4c083084c9d50334b343c44ec97d16011303cc73,Uniswap V2 (UNI-V2),Dex,136.26,0.00%
0xe5d028350093a743a9769e6fd7f5546eeddaa320,Uniswap V3: icETH,Dex,135.97,0.00%
0xbbbf1426cbe8509ef58451ab7ad67cb74866e3fa,Uniswap V2 (UNI-V2),Dex,135.50,0.00%
0x3c8ad34155b83ddb7f43119a19503d34ed2b5c7a,Uniswap V2 (UNI-V2),Dex,135.35,0.00%
0x084b5191bd08412952337b1108b6e5942418928f,Uniswap V3,Dex,135.18,0.00%
0x94ca4065ae4af445b7b12449c16dd93559ea08cd,Uniswap V2 (UNI-V2),Dex,134.28,0.00%
0x5c2dee0f740dac8185667ca95308d0dfd69c635c,Uniswap V2 (UNI-V2),Dex,133.83,0.00%
0x2aeee741fa1e21120a21e57db9ee545428e683c9,Uniswap V2 (UNI-V2),Dex,133.21,0.00%
0x9eb51eb22813ee077e7ef4739a68d8e0b8e67cc6,Uniswap V2 (UNI-V2),Dex,132.11,0.00%
0x52299416c469843f4e0d54688099966a6c7d720f,Uniswap V3(OETH-WETH),Dex,132.01,0.00%
0x5660c518c5610493086a3ba550f7ad6eb7935d1e,ShibaSwap LP Token (SSLP),Dex,131.68,0.00%
0xa93e7cd5dd6d228e67cbfdcb5523d4346c312b87,Uniswap V2 (UNI-V2),Dex,131.60,0.00%
0xe87e0be74368c8e153771dd4b2dee3ad3626fc4f,Uniswap V2 (UNI-V2),Dex,131.57,0.00%
0x1a89ae3ba4f9a97b10bac6a77061f00bb956858b,Uniswap V3(IMPT-WETH),Dex,130.94,0.00%
0x80b4d4e9d88d9f78198c56c5a27f3bacb9a685c5,Uniswap V2 (UNI-V2),Dex,130.12,0.00%
0x47082a75bc16313ef92cfaca1feb885659c3c9b5,Uniswap V2 (UNI-V2),Dex,129.85,0.00%
0xb777d386a9f6bf14ff85d92b27dc70209141e787,Uniswap V2 (UNI-V2),Dex,129.34,0.00%
0xc77efc40c20f1578a9bd714f9a871dfc1a81b234,Uniswap V2 (UNI-V2),Dex,129.00,0.00%
0xed6b5fb20322c2822cd97845261422f9d581b9c4,Uniswap V3(KARATE-WETH),Dex,128.87,0.00%
0x81fbbc40cf075fd7de6afce1bc72eda1bb0e13aa,Uniswap V3(WETH-IMX),Dex,128.63,0.00%
0x78359500f08157eac9ef566040242abca8f4d9ab,Uniswap V2 (UNI-V2),Dex,128.11,0.00%
0xc0a6bb3d31bb63033176edba7c48542d6b4e406d,Uniswap V2 (UNI-V2),Dex,128.07,0.00%
0xaf95d3a7a25f831dc2b9a6704554435957b51ec2,Uniswap V2 (UNI-V2),Dex,127.21,0.00%
0x6c25cf2160db4a1be0f1317fc301f5a5cdba9199,Uniswap V2 (UNI-V2),Dex,126.82,0.00%
0x95cfa1f48fad82232772d3b1415ad4393517f3b5,SushiSwap LP Token (SLP),Dex,126.80,0.00%
0xed4a344f5f1c293881fc65ab37d0d07eba130e11,Uniswap V3(MONAI-WETH),Dex,126.24,0.00%
0x46077fccd46bc963d32456f931c13324786f8bab,Uniswap V3(WETH-AVI),Dex,125.84,0.00%
0xc7cf089fb4bc91f1981df2285ca019ab09a5dd3b,Uniswap V3(PRO-WETH),Dex,125.37,0.00%
0x45b6ffb13e5206dafe2cc8780e4ddc0e32496265,SushiSwap LP Token (SLP),Dex,124.91,0.00%
0x9866772a9bdb4dc9d2c5a4753e8658b8b0ca1fc3,Balancer Pool Token (BPT),Dex,124.81,0.00%
0xb9acb51416557ec55804d44eb3b11a819f11dd72,Uniswap V2 (UNI-V2),Dex,124.78,0.00%
0x11b7a6bc0259ed6cf9db8f499988f9ecc7167bf5,Uniswap V3(KP3R-WETH),Dex,124.67,0.00%
0x5c344edd13de1ad056102d13876f97b4e6dec19c,Uniswap V2 (UNI-V2),Dex,124.38,0.00%
0x2049df3435bdbb36d22f98fcd2e5027049a1f3ce,Uniswap V2 (UNI-V2),Dex,124.30,0.00%
0xe0397c1c28e587b55ad18c126cdcc5cdeeaffe41,Uniswap V3(WETH-SHX),Dex,123.59,0.00%
0x9c2b19dbdfad3f283c0b96c5546d91a275778d91,Uniswap V2 (UNI-V2),Dex,123.54,0.00%
0x31503dcb60119a812fee820bb7042752019f2355,SushiSwap LP Token (SLP),Dex,123.53,0.00%
0x1ecb460a532c1d76937bedbadf7d333da30255a4,Uniswap V2 (UNI-V2),Dex,122.85,0.00%
0x83abecf7204d5afc1bea5df734f085f2535a9976,Uniswap V3: PEOPLE,Dex,121.69,0.00%
0x67e0eb8557437ab7393243c88a11f3c7e424ca3d,ShibaSwap,Dex,121.59,0.00%
0x5ff788f688650d3b0cb37e976e71d604d8229064,Uniswap V2 (UNI-V2),Dex,121.59,0.00%
0x86347ace0fbf4e408c0183622e9c063ca5a2258a,Uniswap V3,Dex,121.52,0.00%
0xc7060047bca7593e9d4de4f1c7f370b40ee69d36,Uniswap V3(MAPO-WETH),Dex,121.38,0.00%
0x290a6a7460b308ee3f19023d2d00de604bcf5b42,Uniswap V3: MATIC,Dex,120.74,0.00%
0xd3772a963790fede65646cfdae08734a17cd0f47,Uniswap V2 (UNI-V2),Dex,120.52,0.00%
0x7cf6a842e72c4bd7bc92e0c17ebdaa95ac1e7825,SushiSwap LP Token (SLP),Dex,120.00,0.00%
0x3415e25b637686bbece1d0f798934772101486f6,Uniswap V2 (UNI-V2),Dex,119.69,0.00%
0x49a48e6684b73904f8c7394edac5296e5e12a463,Uniswap V3(ORAI-WETH),Dex,119.15,0.00%
0x49228c8a08fe69bd34228491e4ae712dfd6c3e4e,Uniswap V3(SNPAD-WETH),Dex,119.03,0.00%
0xbaafed32ec23b8e206820181318c0750cd194a5c,Uniswap V2 (UNI-V2),Dex,117.84,0.00%
0xc7e33c97bea7a4d990a9835970fed8a08536a71b,Uniswap V2 (UNI-V2),Dex,117.21,0.00%
0x9f6facb42177f5af680f9f17cdf750bc7cf55973,Uniswap V2 (UNI-V2),Dex,117.02,0.00%
0x1e9ed2a6ae58f49b3f847eb9f301849c4a20b7e3,Uniswap V2 (UNI-V2),Dex,117.02,0.00%
0xfb3cd0b8a5371fe93ef92e3988d30df7931e2820,SushiSwap LP Token (SLP),Dex,117.01,0.00%
0xeaabb2ee89221455302d9ffb5325689ff8f0c37b,Uniswap V2 (UNI-V2),Dex,117.00,0.00%
0xc697051d1c6296c24ae3bcef39aca743861d9a81,Balancer Pool Token (BPT),Dex,116.88,0.00%
0xdfdc7baa7e9fa5c491fd2b453c4bc54249323406,Uniswap V2 (UNI-V2),Dex,116.78,0.00%
0x0ebc0443b8187066a00f31049fb1c4700389f3db,Uniswap V3(ALPHABET-WETH),Dex,116.52,0.00%
0x3aa370aacf4cb08c7e1e7aa8e8ff9418d73c7e0f,CRO Defi Swap (CRO-SWAP),Dex,116.38,0.00%
0x9461173740d27311b176476fa27e94c681b1ea6b,SushiSwap LP Token (SLP),Dex,116.37,0.00%
0x855fa1b0c27fefc055c1880c5a5969ee731e9690,Uniswap V3(WETH-MMVG),Dex,116.25,0.00%
0x24602cb90c5262d51d33fe8e3360ff37477d80b6,Uniswap V3(WETH-SHOG),Dex,116.15,0.00%
0x68e78497a7b0db7718ccc833c164a18d8e626816,Uniswap V2 (UNI-V2),Dex,115.83,0.00%
0x7d5435b2e974e1b2e03e71ff489edcd0a1c7b46e,Uniswap V3(CMPT-WETH),Dex,115.25,0.00%
0x1f8592cd7c4fdf0b53a2686fb36f1c9222d4a6f3,Uniswap V2 (UNI-V2),Dex,114.99,0.00%
0x99b42f2b49c395d2a77d973f6009abb5d67da343,SushiSwap LP Token (SLP),Dex,114.86,0.00%
0xcf4236db746dbc1855a4d095aaf58da9b030491e,Uniswap V2 (UNI-V2),Dex,114.75,0.00%
0x63a151d042dc870fb1b3f0c72cbbdd53a85898f6,Uniswap V2 (UNI-V2),Dex,114.25,0.00%
